"General","Algemeen"
"Disposable packaging","Wegwerpverpakking"
"Reusable packaging","Herbruikbare verpakking"
"Free","Gratis"
"Yes, there is a return point near you! Drop off the packaging at a return point and immediately receive your deposit back. Click for more information.","Yes, er is een inleverpunt in je buurt! Lever de verpakking in bij een inleverpunt en ontvang direct je statiegeld terug. Klik voor meer informatie."
"More information about BOXO","Meer informatie over BOXO"
"Please select a packaging option to continue.","Kies een verpakkingsoptie om door te gaan."
"Could not check BOXO availability. Please try again.","Kon BOXO-beschikbaarheid niet controleren. Probeer het opnieuw."
"Manual & Support","Handleiding & Support"
"More","Meer"
"Less","Minder"
"BOXO Reusable Packaging","BOXO Herbruikbare Verpakking"
"BOXO Reusable Packaging Configuration","BOXO Herbruikbare Verpakking configuratie"
"Branding","Branding"
"Version","Versie"
"Enable","Inschakelen"
"API Connection","API-koppeling"
"Checkout","Checkout"
"Information Link","Informatielink"
"The info icon next to the reusable option links to a page explaining how returning the packaging works.<br>The hover-tooltip text is fixed and cannot be changed.","Het info-icoon naast de herbruikbare optie linkt naar een pagina die uitlegt hoe het inleveren van de verpakking werkt.<br>De tekst van de tooltip ligt vast en kan niet worden aangepast."
"Information Page URL","URL van informatiepagina"
"Optional link to your own BOXO information page. When empty, the info icon links to the BOXO return page (boxo.nu).","Optionele link naar je eigen BOXO-informatiepagina. Laat je dit leeg, dan verwijst het info-icoon naar de BOXO-inleverpagina (boxo.nu)."
"Debug & Logging","Debug & logging"
"Logging","Logging"
"Enable to write debug records (API calls, availability checks, selection updates) into <code>var/log/boxo-debug.log</code>.<br>Errors are always logged into <code>var/log/boxo-error.log</code>.","Schakel dit in om debugregels (API-aanroepen, beschikbaarheidschecks, selectie-updates) weg te schrijven naar <code>var/log/boxo-debug.log</code>.<br>Fouten worden altijd gelogd in <code>var/log/boxo-error.log</code>."
"Debug Mode","Debug-modus"
"Show last %1 debug log records","Toon de laatste %1 debugregels"
"Show last %1 error log records","Toon de laatste %1 foutregels"
"Last 100 debug log records","Laatste 100 debugregels"
"Last 100 error log records","Laatste 100 foutregels"
"download as .txt file","download als .txt-bestand"
"Close window","Venster sluiten"
"Run Self-test","Zelftest uitvoeren"
"Self-test","Zelftest"
"Passed","Geslaagd"
"Failed","Mislukt"
"More information","Meer informatie"
"Check for latest versions","Controleer op nieuwe versies"
"Changelog","Wijzigingslog"
"Great, you are using the latest version.","Top, je gebruikt de nieuwste versie."
"There is a new version available <span>(%1)</span> see <button type=""button"" id=""mm-ui-button_changelog"">changelog</button>.","Er is een nieuwe versie beschikbaar <span>(%1)</span>, zie het <button type=""button"" id=""mm-ui-button_changelog"">wijzigingslog</button>."
"Check if current PHP version is supported for this module version","Controleer of de huidige PHP-versie wordt ondersteund door deze moduleversie"
"Check if current Magento version is supported for this module version","Controleer of de huidige Magento-versie wordt ondersteund door deze moduleversie"
"Check if the extension is enabled in the configuration","Controleer of de extensie is ingeschakeld in de configuratie"
"Check if a connection to the BOXO API can be established","Controleer of er verbinding met de BOXO API kan worden gemaakt"
"Check if new extension version is available","Controleer of er een nieuwe versie van de extensie beschikbaar is"
"Version match","Versie komt overeen"
"Magento version match","Magento-versie komt overeen"
"Extension enabled","Extensie ingeschakeld"
"Extension disabled, please enable it!","Extensie uitgeschakeld, schakel deze in!"
"Packaging chosen","Gekozen verpakking"
"Amount charged","In rekening gebracht bedrag"
"Log is empty","Logbestand is leeg"
"Minimum required PHP version: %1, current version is %2!","Minimaal vereiste PHP-versie: %1, huidige versie is %2!"
"Minimum required Magento 2 version is %1, current version is %2!","Minimaal vereiste Magento 2-versie is %1, huidige versie is %2!"
"Connection to the BOXO %1 API established","Verbinding met de BOXO %1 API tot stand gebracht"
"No %1 API key configured, add the key from your BOXO account!","Geen %1 API-sleutel ingesteld, voeg de sleutel uit je BOXO-account toe!"
"Could not reach the BOXO %1 API, check the API key and see the error log for details.","Kon de BOXO %1 API niet bereiken, controleer de API-sleutel en bekijk het foutenlog voor details."
"Version %1 is available, current version %2","Versie %1 is beschikbaar, huidige versie %2"
"Reusable Packaging","Herbruikbare verpakking"
"Plugin development by Magmodules","Plugin-ontwikkeling door Magmodules"
"Default Packaging","Standaardverpakking"
"Option pre-selected at checkout. The customer can still choose the other one.","Optie die vooraf is geselecteerd in de checkout. De klant kan alsnog de andere kiezen."
"Disposable Surcharge","Toeslag wegwerpverpakking"
"Charge a surcharge when the customer picks disposable packaging.<br>VAT is applied to this surcharge, unlike the refundable deposit on reusable packaging.","Breng een toeslag in rekening wanneer de klant wegwerpverpakking kiest.<br>Over deze toeslag wordt btw berekend, in tegenstelling tot het statiegeld op herbruikbare verpakking."
"Enable Surcharge","Toeslag inschakelen"
"When disabled, disposable packaging is offered free of charge.","Als dit uitstaat, wordt wegwerpverpakking gratis aangeboden."
"Surcharge Amount","Bedrag van de toeslag"
"Reusable Packaging Rules","Regels voor herbruikbare verpakking"
"All products","Alle producten"
"All products except selected","Alle producten behalve de geselecteerde"
"Only selected products","Alleen de geselecteerde producten"
"Maximum Products","Maximum aantal producten"
"How many products fit in one reusable container. Carts holding more are offered disposable packaging only. Leave 0 for no limit.","Hoeveel producten er in één herbruikbare verpakking passen. Winkelwagens met meer producten krijgen alleen wegwerpverpakking aangeboden. Laat 0 staan voor geen limiet."
"BOXO Packaging","BOXO-verpakking"
"Test Connection","Verbinding testen"
"Checks the key entered above against BOXO. Saving first is not needed.","Controleert de hierboven ingevoerde sleutel bij BOXO. Eerst opslaan is niet nodig."
"Test API key","API-sleutel testen"
"sandbox","sandbox"
"production","productie"
"The BOXO %1 API rejected this key.","De BOXO %1 API heeft deze sleutel geweigerd."
"Could not reach the BOXO %1 API, see the error log for details.","Kon de BOXO %1 API niet bereiken, bekijk het foutenlog voor details."
"Unexpected response from the BOXO %1 API (status %2).","Onverwacht antwoord van de BOXO %1 API (status %2)."
"Choose your shipping packaging","Kies je verzendverpakking"
"Reusable (deposit)","Herbruikbaar (statiegeld)"
"Single-use","Eenmalig"
"API Key","API-sleutel"
"The key from your BOXO account.","De sleutel uit je BOXO-account."
"Connect your store to BOXO with the API key from your BOXO account.","Koppel je winkel aan BOXO met de API-sleutel uit je BOXO-account."
"Amount including VAT, matching the ""Catalog Prices"" tax setting of this store.","Bedrag inclusief btw, conform de btw-instelling ""Catalogusprijzen"" van deze winkel."
"Amount excluding VAT, matching the ""Catalog Prices"" tax setting of this store. VAT is added on top.","Bedrag exclusief btw, conform de btw-instelling ""Catalogusprijzen"" van deze winkel. De btw komt er nog bij."
"Enter it in the base currency of the store.","Voer het in de basisvaluta van de winkel in."
"Allowed Products","Toegestane producten"
"Exclude from BOXO reusable packaging","Uitsluiten van BOXO herbruikbare verpakking"
"Allow in BOXO reusable packaging","Toestaan in BOXO herbruikbare verpakking"
"Limit which products may be shipped in reusable packaging.<br>When the cart holds a single product that is not allowed, BOXO is not offered at all.<br>Products are marked in <b>Catalog &gt; Products</b> — filter the grid, select, then <b>Update Attributes</b>. Each mode reads its own flag, so switching back and forth does not lose a selection.","Bepaal welke producten in herbruikbare verpakking verzonden mogen worden.<br>Zodra de winkelwagen één product bevat dat niet is toegestaan, wordt BOXO helemaal niet aangeboden.<br>Producten markeer je in <b>Catalogus &gt; Producten</b> — filter de lijst, selecteer en kies <b>Kenmerken bijwerken</b>. Elke modus leest een eigen vlag, zodat je zonder verlies tussen modi kunt wisselen."
"Check if the BOXO packaging products can be added to the cart","Controleer of de BOXO-verpakkingsproducten aan de winkelwagen kunnen worden toegevoegd"
"Packaging products available","Verpakkingsproducten beschikbaar"
"Packaging product %1 is missing, re-run setup:upgrade!","Verpakkingsproduct %1 ontbreekt, voer setup:upgrade opnieuw uit!"
"Packaging product %1 is disabled, enable it in the catalog!","Verpakkingsproduct %1 staat uit, schakel het in de catalogus in!"
"Packaging product %1 is not salable in store %2, assign it to a source in the stock serving this website!","Verpakkingsproduct %1 is niet verkoopbaar in winkel %2, wijs het toe aan een bron in de voorraad die deze website bedient!"
"The BOXO packaging product %1 is not available in this store.","Het BOXO-verpakkingsproduct %1 is niet beschikbaar in deze winkel."
"The BOXO packaging product %1 cannot be added in this store: %2","Het BOXO-verpakkingsproduct %1 kan niet worden toegevoegd in deze winkel: %2"
"The BOXO packaging product %1 could not be added: %2","Het BOXO-verpakkingsproduct %1 kon niet worden toegevoegd: %2"
